cod_cliente;nombre;apellido1;apellido2;dni;correo;telefono
C026; lvaro;Campos;Rojas;17181920B;alvaro.campos@correo.es;612345026�
C027;Noelia;Vidal;Soto;18192021C;noelia.vidal@correo.es;612345027
C028; scar;Mora;Arias;19202122D;oscar.mora@correo.es;612345028�
C029;Eva;Dom nguez;Navas;20212223E;eva.dominguez@correo.es;612345029�
C030;Rub n;Cabrera;Salas;21222324F;ruben.cabrera@correo.es;612345030�
C031;Claudia;Ferrer;Lorenzo;22232425G;claudia.ferrer@correo.es;612345031
C032;Mario;Redondo;Ben tez;23242526H;mario.redondo@correo.es;612345032�
C033;Alicia;Rold n;Moya;24252627J;alicia.roldan@correo.es;612345033�
C034;Samuel;Cano;Soler;25262728K;samuel.cano@correo.es;612345034
C035;Andrea;Pascual;Esteban;26272829L;andrea.pascual@correo.es;612345035
C036;V ctor;Aparicio;Montes;27282930M;victor.aparicio@correo.es;612345036�
C037;Lorena;Santana;Corral;28293031N;lorena.santana@correo.es;612345037
C038;Guillermo;Lara;Rico;29303132P;guillermo.lara@correo.es;612345038
C039;Cristina;Franco;Varela;30313233Q;cristina.franco@correo.es;612345039
C040;Diego;Pacheco;S ez;31323334R;diego.pacheco@correo.es;612345040�
C041;M nica;Escobar;Bravo;32333435S;monica.escobar@correo.es;612345041�
C042;Jorge;Cuevas;Sierra;33343536T;jorge.cuevas@correo.es;612345042
C043;Nuria;Valero;Peinado;34353637U;nuria.valero@correo.es;612345043
C044;Adri n;Padilla;Tejada;35363738V;adrian.padilla@correo.es;612345044�
C045;Sara;Zamora;Lillo;36373839W;sara.zamora@correo.es;612345045
C046;H ctor;Coronado;Ib ez;37383940X;hector.coronado@correo.es;612345046� ��
C047;Paula;Ojeda;Carrasco;38394041Y;paula.ojeda@correo.es;612345047
C048;Ignacio;Beltr n;Gallego;39404142Z;ignacio.beltran@correo.es;612345048�
C049;Roc o;Quesada;Heredia;40414243A;rocio.quesada@correo.es;612345049�
C050;Marcos;Villalba;Ros;41424344B;marcos.villalba@correo.es;612345050
C051;Isabel;Mill n;Toledo;42434445C;isabel.millan@correo.es;612345051�
C052;Andr s;Aranda;Plaza;43444546D;andres.aranda@correo.es;612345052�
C053;Julia;Benito;Falc n;44454647E;julia.benito@correo.es;612345053�
C054;Tom s;Lafuente;Bl zquez;45464748F;tomas.lafuente@correo.es;612345054� �
C055;Ver nica;Saura;Crespo;46474849G;veronica.saura@correo.es;612345055�
C056;Borja;Moreno;Escudero;47484950H;borja.moreno@correo.es;612345056
C057;In s;Gallardo;Rivas;48495051J;ines.gallardo@correo.es;612345057�
C058;Rodrigo;Sim n;Barrio;49505152K;rodrigo.simon@correo.es;612345058�
C059;Teresa;Alonso;Requena;50515253L;teresa.alonso@correo.es;612345059
C060; ngel;Nieto;Sancho;51525354M;angel.nieto@correo.es;612345060�
C061;Celia;Berm dez;Vicente;52535455N;celia.bermudez@correo.es;612345061�
C062;Emilio;Segura;Casado;53545556P;emilio.segura@correo.es;612345062
C063;Raquel;Prats;Batlle;54555657Q;raquel.prats@correo.es;612345063
C064;Federico;Maldonado;Rom n;55565758R;federico.maldonado@correo.es;612345064�
C065;Olga;Ballesteros;Garrido;56575859S;olga.ballesteros@correo.es;612345065
C066;Lucas;T llez;Montero;57585960T;lucas.tellez@correo.es;612345066�
C067;Ainhoa;Sol s;Cuenca;58596061U;ainhoa.solis@correo.es;612345067�
C068;Bruno;Hidalgo;Vico;59606162V;bruno.hidalgo@correo.es;612345068
C069;Esther;Parra;Manzano;60616263W;esther.parra@correo.es;612345069
C070;Fabi n;Rojo;L zaro;61626364X;fabian.rojo@correo.es;612345070� �
C071;Lidia;Ramos;Cobos;62636465Y;lidia.ramos@correo.es;612345071
C072;Mateo;Del R o;Santisteban;63646566Z;mateo.delrio@correo.es;612345072�
C073;Yolanda;Acedo;Barrios;64656667A;yolanda.acedo@correo.es;612345073
C074;Julio;Pe alver;Sampedro;65666768B;julio.penalver@correo.es;612345074�
C075;B rbara;Urbano;M rquez;66676869C;barbara.urbano@correo.es;612345075� �
